image_id,image_path,ground_truth_report
iu_xray_000,data/iu_xray_sample/iu_xray_000.png,The cardiac silhouette and mediastinum size are within normal limits. There is no pulmonary edema. There is no focal consolidation. There are no XXXX of a pleural effusion. There is no evidence of pneumothorax.
iu_xray_001,data/iu_xray_sample/iu_xray_001.png,Borderline cardiomegaly. Midline sternotomy XXXX. Enlarged pulmonary arteries. Clear lungs. Inferior XXXX XXXX XXXX.
iu_xray_002,data/iu_xray_sample/iu_xray_002.png,"There are diffuse bilateral interstitial and alveolar opacities consistent with chronic obstructive lung disease and bullous emphysema. There are irregular opacities in the left lung apex, that could represent a cavitary lesion in the left lung apex.There are streaky opacities in the right upper lobe, XXXX scarring. The cardiomediastinal silhouette is normal in size and contour. There is no pneumothorax or large pleural effusion."
iu_xray_003,data/iu_xray_sample/iu_xray_003.png,"The cardiomediastinal silhouette and pulmonary vasculature are within normal limits. There is no pneumothorax or pleural effusion. There are no focal areas of consolidation. Cholecystectomy clips are present. Small T-spine osteophytes. There is biapical pleural thickening, unchanged from prior. Mildly hyperexpanded lungs."
iu_xray_004,data/iu_xray_sample/iu_xray_004.png,Heart size and mediastinal contour are within normal limits. There is no focal airspace consolidation or suspicious pulmonary opacity. No pneumothorax or large pleural effusion. Mild degenerative change of the thoracic spine.
iu_xray_005,data/iu_xray_sample/iu_xray_005.png,The cardiac contours are normal. XXXX basilar atelectasis. The lungs are clear. Thoracic spondylosis. Lower cervical XXXX arthritis.
iu_xray_006,data/iu_xray_sample/iu_xray_006.png,"The heart, pulmonary XXXX and mediastinum are within normal limits. There is no pleural effusion or pneumothorax. There is no focal air space opacity to suggest a pneumonia. There is an interim XXXX cervical spinal fusion partly evaluated."
iu_xray_007,data/iu_xray_sample/iu_xray_007.png,"The XXXX examination consists of frontal and lateral radiographs of the chest. The cardiac silhouette is not enlarged. There has been apparent interval increase in low density convexity at the left cardiophrenic XXXX. Calcified granuloma is again seen in the right upper lobe. There is no consolidation, pleural effusion or pneumothorax."
iu_xray_008,data/iu_xray_sample/iu_xray_008.png,"The cardiomediastinal silhouette is within normal limits for size and contour. The lungs are normally inflated without evidence of focal airspace disease, pleural effusion, or pneumothorax. Stable calcified granuloma within the right upper lung. No acute bone abnormality.."
iu_xray_009,data/iu_xray_sample/iu_xray_009.png,Cardiomediastinal silhouette and pulmonary vasculature are within normal limits. Lungs are clear. No pneumothorax or pleural effusion. No acute osseous findings.
iu_xray_010,data/iu_xray_sample/iu_xray_010.png,Lungs are clear bilaterally. Cardiac and mediastinal silhouettes are normal. Pulmonary vasculature is normal. No pneumothorax or pleural effusion. No acute bony abnormality.
iu_xray_011,data/iu_xray_sample/iu_xray_011.png,"The cardiac silhouette is borderline enlarged. Otherwise, there is no focal opacity. Mediastinal contours are within normal limits. There is no large pleural effusion. No pneumothorax."
iu_xray_012,data/iu_xray_sample/iu_xray_012.png,"Heart size within normal limits, stable mediastinal and hilar contours. Mild hyperinflation appears similar to prior. No focal alveolar consolidation, no definite pleural effusion seen. Scattered chronic appearing irregular interstitial markings, no typical findings of pulmonary edema."
iu_xray_013,data/iu_xray_sample/iu_xray_013.png,Cardiomediastinal silhouette and pulmonary vasculature are within normal limits. Lungs are clear. No pneumothorax or pleural effusion. Evidence of prior granulomatous disease. No acute osseous findings.
iu_xray_014,data/iu_xray_sample/iu_xray_014.png,No focal areas of consolidation. No suspicious pulmonary opacities. Heart size within normal limits. No pleural effusions. No evidence of pneumothorax. Osseous structures intact.
